[
    {
        "id": 1,
        "nome": "Leão",
        "especie": "Felino",
        "descricao": "O leão é um mamífero carnívoro da família dos felídeos.",
        "imagemUrl": "https://static.todamateria.com.br/upload/le/ao/leaojuba-cke.jpg"
    },
    {
        "id": 2,
        "nome": "Elefante",
        "especie": "Mamífero",
        "descricao": "O elefante é o maior mamífero terrestre.",
        "imagemUrl": "https://static.todamateria.com.br/upload/le/ao/leaojuba-cke.jpg"
    },
    {
        "id": 3,
        "nome": "Girafa",
        "especie": "Mamífero",
        "descricao": "A girafa é conhecida por seu pescoço longo e pernas longas.",
        "imagemUrl": "https://example.com/girafa.jpg"
    }
]
